"","Site","Season","Treatment","Block","Row_type","Bray_P","Olsen_P","H2O_P","Total_P","M1_P","M3_P","M3_K","M3_Mg","M3_Ca","M3_B","M3_Zn","M3_Mn","M3_Fe","M3_Cu","M3_S","M3_Al","pH_W","pH_B","Total_N","NO3_N","NH4_N","pixel_1","Area_1","pixel_2","Area_2","TY","RY","exp_id","exp_bl_id","temp_id"
"1","LE","W2","1","1","dr",71.9,21.4,6.5,138,115,126,123.5,50.5,988,2.5,23,24.5,137.5,36.1,146,83,6.7,7.95,700,16,3.23,391970,0.0431922865013774,468733.5,0.0516510743801653,144.12,0.831237743684393,"LE-W2","LE-W2-1","LE-W2-1-1"
"2","LE","W2","1","1","fn",68.2,23.1,6.5,145,96,128.5,87,51,1033.5,1.9,19.85,25,135.5,38.7,130,84,6.7,7.95,700,22.9,6.3,459172,0.0505974655647383,448014,0.0493679338842975,132.55,0.764505710001154,"LE-W2","LE-W2-1","LE-W2-1-1"
"3","LE","W2","2","1","dr",100,45.8,19.5,184,152.5,174.5,206,98,1056.5,3.8,38.3,49,143.5,36.45,259.5,93,6,7.95,900,62.7,31.2,392445.5,0.0432446831955923,534165.5,0.0588612121212121,144.84,0.835390471796055,"LE-W2","LE-W2-1","LE-W2-1-2"
"4","LE","W2","2","1","fn",121,48.6,17.5,223,161,188.5,126.5,71.5,1049.5,2.2,39.2,48.5,162,38.35,172.5,90.5,6.6,7.95,800,18.1,6.27,466701,0.0514271074380165,483039.5,0.0532274931129477,133.98,0.772753489445149,"LE-W2","LE-W2-1","LE-W2-1-2"
"5","LE","W2","3","1","dr",67.5,20.2,5.5,151,102,120.5,78.5,51.5,1029.5,0.85,19.7,26,133,37.85,130,85,6.6,7.95,800,24.4,4.85,373182,0.0411219834710744,491474,0.054156914600551,139.65,0.80545622332449,"LE-W2","LE-W2-1","LE-W2-1-3"
"6","LE","W2","3","1","fn",74,26.8,8.5,156,110.5,124.5,86.5,56,1093,1.15,22.4,23,122.5,35.1,185,77,6.7,7.95,700,21.4,4.47,458301.5,0.0505015426997245,457700.5,0.0504353168044077,138.95,0.801418848771485,"LE-W2","LE-W2-1","LE-W2-1-3"
"7","LE","W2","4","1","dr",109,52,23,241,177.5,167,156.5,75.5,933,1.5,17.45,32.5,131.5,31.55,203,78,6.1,7.95,700,54.8,27.4,426948,0.0470466115702479,564447.5,0.0621980716253444,135.73,0.782846925827662,"LE-W2","LE-W2-1","LE-W2-1-4"
"8","LE","W2","4","1","fn",78.4,25.5,11.5,188,120,147,66,47,952,1.1,21.9,24.5,135,38.2,92,91,6.7,7.95,900,20.7,4.72,494099,0.0544461707988981,560102,0.0617192286501377,136.02,0.784519552428192,"LE-W2","LE-W2-1","LE-W2-1-4"
"9","LE","W2","5","1","dr",211,137,60.5,256,254,305,177,73,1013,1.65,22.55,34,143,35.35,173.5,86,6.1,7.95,600,54.8,41.7,394093.5,0.0434262809917355,490042,0.0539991184573003,156.14,0.900565232437421,"LE-W2","LE-W2-1","LE-W2-1-5"
"10","LE","W2","5","1","fn",76.8,19,5,141,106.5,115.5,44,46.5,953.5,0.8,17,22.5,128.5,34.4,96.5,85.5,6.9,7.95,500,12.5,3.24,560302,0.0617412672176309,569506,0.0627554820936639,145.15,0.837178451955243,"LE-W2","LE-W2-1","LE-W2-1-5"
"11","LE","W2","6","1","dr",285,189,88,465,333,461.5,318.5,116.5,1054.5,3.95,78.95,101.5,157.5,32.65,346,86.5,5.9,7.9,700,60.6,92.9,386700,0.0426115702479339,492279,0.0542456198347107,153.01,0.882512400507556,"LE-W2","LE-W2-1","LE-W2-1-6"
"12","LE","W2","6","1","fn",67.3,21.7,5.5,153,105,114,66.5,44,960.5,0.8,17.6,23.5,134.5,35.35,102,85.5,6.6,7.95,1100,22.6,8.26,479573,0.0528455096418733,498624,0.0549447933884298,155.17,0.894970584842542,"LE-W2","LE-W2-1","LE-W2-1-6"
"13","LE","W2","1","2","dr",84.5,30,9,178,114.5,135,128.5,58,966.5,2.2,23.35,29,133.5,35.75,154,84.5,6.5,7.95,800,29.8,7.63,394281,0.0434469421487603,566310,0.062403305785124,148.07,0.854020071519206,"LE-W2","LE-W2-2","LE-W2-2-1"
"14","LE","W2","1","2","sn",96.4,36.6,11.5,208,141,139.5,142,57,1005,1.95,46.9,24.5,127,35.2,133,68,6.7,7.95,1100,19.6,3.63,436046.5,0.0480492011019284,477058.5,0.0525684297520661,134.17,0.773849348252393,"LE-W2","LE-W2-2","LE-W2-2-1"
"15","LE","W2","2","2","dr",64.8,15,4.5,136,98,111,43,38,941,0.8,19.2,21.5,128,33.75,74.5,83,7.3,7.95,800,10.1,2.3,420561.5,0.0463428650137741,558395.5,0.0615311845730028,144.94,0.835967239589341,"LE-W2","LE-W2-2","LE-W2-2-2"
"16","LE","W2","2","2","sn",84.6,28.3,8.5,179,127,140,72.5,45.5,942.5,1.1,23.4,24.5,132,35.5,87,84.5,6.8,7.95,900,16.5,2.14,410856,0.0452733884297521,485079,0.0534522314049587,144.3,0.832275925712308,"LE-W2","LE-W2-2","LE-W2-2-2"
"17","LE","W2","3","2","dr",119,52.9,22,200,173.5,178,199.5,107.5,1243.5,1.85,25.65,35,135,35.35,301.5,79,6.2,7.95,800,49,19.4,383952,0.0423087603305785,503114.5,0.0554396143250689,155.35,0.896008766870458,"LE-W2","LE-W2-2","LE-W2-2-3"
"18","LE","W2","3","2","sn",168,82.6,39.5,289,205.5,250,263,110,1075.5,2,40.05,45.5,141.5,32.85,317,82,6,7.95,1000,60.5,44.7,445610.5,0.049103085399449,524165,0.0577592286501377,147.54,0.850963202214788,"LE-W2","LE-W2-2","LE-W2-2-3"
"19","LE","W2","4","2","dr",108,44.4,14,219,143.5,151.5,79,45,881.5,1,18.2,26,117.5,28.15,109,84,6.5,7.95,900,32.6,11.5,424767,0.0468062809917355,512132.5,0.0564333333333333,148.59,0.857019264044296,"LE-W2","LE-W2-2","LE-W2-2-4"
"20","LE","W2","4","2","sn",170,114,41.5,439,244.5,259,180,80.5,1114.5,1.65,24.55,37.5,139.5,32.4,231.5,78.5,6,7.95,900,76.9,45,453465,0.0499685950413223,510103,0.056209696969697,159.24,0.9184450340293,"LE-W2","LE-W2-2","LE-W2-2-4"
"21","LE","W2","5","2","dr",124,66.6,24.5,263,176.5,228,117,59.5,1107.5,1.45,19.25,27.5,144.5,34.2,180,83.5,6.4,7.95,900,30.8,10.6,438103,0.0482758126721763,566310,0.062403305785124,157.59,0.908928365440074,"LE-W2","LE-W2-2","LE-W2-2-5"
"22","LE","W2","5","2","sn",192,86.1,31.5,281,238,237,105,56.5,1070,1.35,30.95,44.5,142,34.55,129,80.5,6.4,7.95,900,31.5,17.4,424922.5,0.0468234159779614,506158,0.0557749862258953,138.92,0.801245818433499,"LE-W2","LE-W2-2","LE-W2-2-5"
"23","LE","W2","6","2","dr",87.9,36.8,12.5,172,122.5,152.5,86.5,48,1036.5,0.95,21.65,28.5,129.5,32.75,147,79,6.4,7.95,800,28.6,12.4,393603.5,0.0433722865013774,507328.5,0.0559039669421487,158.44,0.913830891683008,"LE-W2","LE-W2-2","LE-W2-2-6"
"24","LE","W2","6","2","sn",182,95.9,33,268,224,262,130.5,84.5,975.5,1.7,27.45,67.5,135,34.15,161.5,86,6.3,7.95,800,20.2,23.1,482272,0.0531429201101928,562539.5,0.0619878236914601,150.23,0.866478255854193,"LE-W2","LE-W2-2","LE-W2-2-6"
"25","LE","W2","1","3","dr",110,41.4,16,187,141,170,379.5,122.5,1225,18.4,79.85,47.5,127,32.4,436.5,69.5,6.3,7.95,1200,62,19,414650.5,0.0456915151515151,643649.5,0.070925564738292,153.45,0.885050178798016,"LE-W2","LE-W2-3","LE-W2-3-1"
"26","LE","W2","1","3","fn",83.9,26.2,7,145,109.5,121.5,74.5,44.5,780.5,0.9,17.85,20,102.5,31.8,110.5,86,6.8,7.95,1000,9.95,2.19,556976,0.0613747658402204,611427,0.0673748760330578,148.29,0.855288960664436,"LE-W2","LE-W2-3","LE-W2-3-1"
"27","LE","W2","2","3","dr",60.2,23.9,6.5,138,112,103.5,64.5,56.5,1085,1.05,16.8,22.5,108.5,32.75,156.5,67.5,6.9,7.95,700,21.7,4.98,400969.5,0.0441839669421488,524971,0.057848044077135,159.27,0.918618064367286,"LE-W2","LE-W2-3","LE-W2-3-2"
"28","LE","W2","2","3","fn",77.2,24.1,6.5,142,111.5,117.5,80.5,53,1113,1.15,18.25,24,113.5,36.1,148.5,71,6.7,7.95,600,23.7,4.64,516461.5,0.0569103581267218,607455.5,0.0669372451790634,148.34,0.85557734456108,"LE-W2","LE-W2-3","LE-W2-3-2"
"29","LE","W2","3","3","dr",62.5,27,7,142,103.5,107,70.5,56,1168.5,1.05,20.55,25.5,114.5,33.45,170,69.5,6.8,7.95,800,22.2,4.25,439690,0.0484506887052341,603924.5,0.0665481542699724,155.47,0.896700888222402,"LE-W2","LE-W2-3","LE-W2-3-3"
"30","LE","W2","3","3","fn",106,56.2,20,212,140,173,154.5,79,1092,1.6,41.65,34.5,119.5,33.4,274.5,69.5,6.3,7.95,500,38.5,22.7,548890,0.0604837465564738,614213.5,0.0676819283746556,144.92,0.835851886030684,"LE-W2","LE-W2-3","LE-W2-3-3"
"31","LE","W2","4","3","dr",142,52.5,25,232,165.5,185,180,85.5,1157,2.05,24.85,61.5,127.5,34.6,261,74,6,7.95,1000,68.7,26.9,410976,0.0452866115702479,513343,0.0565667217630854,153.91,0.887703310647133,"LE-W2","LE-W2-3","LE-W2-3-4"
"32","LE","W2","4","3","fn",87.9,35.1,11.5,168,132,137,52,49,1043.5,1.15,18.25,36.5,127,34.9,135,69,6.8,7.95,700,18.6,8.91,516755,0.0569426997245179,597529,0.0658434159779614,143.57,0.828065520821317,"LE-W2","LE-W2-3","LE-W2-3-4"
"33","LE","W2","5","3","dr",123,59.6,27.5,227,159.5,187,109,65,1084,1.45,34.15,26,118,32.3,174.5,70.5,6.3,7.95,700,40.3,16,427013,0.0470537741046832,572784,0.063116694214876,161.3,0.930326450571,"LE-W2","LE-W2-3","LE-W2-3-5"
"34","LE","W2","5","3","fn",118,66,33,187,180.5,183,113,65.5,1031.5,1.25,18.45,27.5,116.5,33.65,177,76.5,6.4,7.95,900,32.5,13.2,475736.5,0.0524227548209366,576344,0.0635089807162534,147.06,0.848194716807014,"LE-W2","LE-W2-3","LE-W2-3-5"
"35","LE","W2","6","3","dr",171,95.1,45,242,218,246,199.5,102.5,1049,2.85,36.45,39,120.5,31.35,289,82.5,6.1,7.95,700,37.1,50,393660.5,0.043378567493113,486002,0.0535539393939394,158.88,0.916368669973469,"LE-W2","LE-W2-3","LE-W2-3-6"
"36","LE","W2","6","3","fn",73.4,24.8,7.5,146,113,128.5,69.5,50.5,1117,1.15,18.25,25,120.5,37.6,148.5,84.5,6.6,7.95,700,24.3,9.5,460223,0.0507132782369146,515574,0.0568125619834711,154.62,0.891798361979467,"LE-W2","LE-W2-3","LE-W2-3-6"
"37","LE","W2","1","4","dr",121,48.8,16.5,189,133,152.5,195,70.5,979,7.3,27,39,139,34.9,208,79.5,6.6,7.95,1000,20,8.81,425922,0.0469335537190083,551950,0.0608209366391185,148.83,0.858403506748183,"LE-W2","LE-W2-4","LE-W2-4-1"
"38","LE","W2","1","4","sn",93.5,25.8,8,157,112,144.5,147.5,61.5,1097.5,2.9,35.9,48,154.5,39.95,149.5,85,6.7,7.95,800,18.7,4.13,483505.5,0.0532788429752066,539688.5,0.0594698071625344,139.6,0.805167839427846,"LE-W2","LE-W2-4","LE-W2-4-1"
"39","LE","W2","2","4","dr",65.6,17,3.5,145,98.5,107.5,81,51,1169.5,0.9,19.8,29.5,146,38.45,136.5,85,7.2,7.95,900,14.9,0.737,439223.5,0.0483992837465565,585725,0.0645426997245179,151.39,0.873168762256316,"LE-W2","LE-W2-4","LE-W2-4-2"
"40","LE","W2","2","4","sn",136,57,19,188,160.5,176.5,188,79.5,967.5,2.05,22.9,40.5,145,37.15,190,79,6.2,7.95,1000,42.1,20.5,445691,0.049111955922865,499435.5,0.0550342148760331,151.6,0.874379974622217,"LE-W2","LE-W2-4","LE-W2-4-2"
"41","LE","W2","3","4","dr",138,67.2,22,271,177.5,179.5,174.5,74.5,999.5,1.5,32.05,34.5,133,34.95,228.5,74,6.1,7.95,1100,42.3,23,436315,0.0480787878787879,529103,0.0583033608815427,173.38,1,"LE-W2","LE-W2-4","LE-W2-4-3"
"42","LE","W2","3","4","sn",138,78.5,36.5,278,205,227.5,322,117.5,1117.5,1.65,78.4,41.5,144.5,34.4,416.5,77,5.9,7.9,1100,59.4,47.4,443698,0.0488923415977961,497723.5,0.054845564738292,151.66,0.874726035298189,"LE-W2","LE-W2-4","LE-W2-4-3"
"43","LE","W2","4","4","dr",171,89.7,40,266,235.5,233,253,100.5,1073.5,1.85,26.5,57.5,162.5,35.3,289,80.5,6,7.95,800,75.5,52.8,402382,0.0443396143250689,568645,0.0626606060606061,147.93,0.853212596608605,"LE-W2","LE-W2-4","LE-W2-4-4"
"44","LE","W2","4","4","sn",172,76.3,31.5,250,197.5,247.5,193.5,69,1064.5,1.25,30.15,42.5,174,35.65,228.5,79,6.1,7.95,800,50,37.2,494571.5,0.0544982369146005,548652.5,0.0604575757575758,154.08,0.88868381589572,"LE-W2","LE-W2-4","LE-W2-4-4"
"45","LE","W2","5","4","dr",107,41.9,14.5,149,131,138.5,79.5,44,818,0.8,18.35,26.5,133,33.3,110,72.5,6.5,7.95,900,22.7,10.6,442817,0.048795261707989,545077.5,0.0600636363636364,149.3,0.861114315376629,"LE-W2","LE-W2-4","LE-W2-4-5"
"46","LE","W2","5","4","sn",174,82,33,313,198.5,259.5,132,57,1076.5,1.3,29.4,37,152,36.5,174,85,6.3,7.95,800,25.7,18.6,432752.5,0.0476862258953168,546297.5,0.0601980716253443,148.51,0.856557849809667,"LE-W2","LE-W2-4","LE-W2-4-5"
"47","LE","W2","6","4","dr",148,62.2,27,240,170.5,187.5,200,68.5,1137.5,3.95,19.9,67,143,35.9,202.5,75.5,6.3,7.95,800,25,21.5,426899,0.0470412121212121,590269.5,0.0650434710743802,163.31,0.941919483216057,"LE-W2","LE-W2-4","LE-W2-4-6"
"48","LE","W2","6","4","sn",211,99.5,50,320,236,314.5,286,94,1352.5,2.05,37.5,79.5,173.5,42.95,238.5,92,6.2,7.95,900,31,45.6,461300.5,0.0508320110192837,605770.5,0.0667515702479339,136.85,0.78930672511247,"LE-W2","LE-W2-4","LE-W2-4-6"
"49","LL","F2","1","1","dr",56.3,17.9,4,72.3,54,60.5,70,79,734.5,0.55,9.45,17.5,84.5,11.35,38,59.5,7.3,7.95,800,21.7,14.1,352922.5,0.0307875459136823,502859,0.0438674058769513,67.04,0.683453970843103,"LL-F2","LL-F2-1","LL-F2-1-1"
"50","LL","F2","1","1","fn",97.9,37.3,11,123,102,115,102,109,824,0.75,15.05,43.5,95,13.1,80,65.5,6.8,7.95,900,34,11.2,471169,0.0411028971533517,564088.5,0.0492088223140496,69.94,0.713018656336018,"LL-F2","LL-F2-1","LL-F2-1-1"
"51","LL","F2","2","1","dr",78.8,35.2,9.5,135,99,129,89,88.5,800.5,0.75,25.5,25,105,13.1,63,70,6.8,7.95,800,27.5,43.3,246563.5,0.0215092125803489,328969,0.0286979384756657,52.01,0.530227342236721,"LL-F2","LL-F2-1","LL-F2-1-2"
"52","LL","F2","2","1","fn",75.2,40.2,10.5,120,88,117,139,92.5,821.5,1.05,14.25,23,104,14,57,65,6.9,7.95,800,24.5,26.1,340331.5,0.0296891574839302,384834.5,0.0335714210284665,59.74,0.609032521154042,"LL-F2","LL-F2-1","LL-F2-1-2"
"53","LL","F2","3","1","dr",69.2,27.6,9,93,78,83,62,75,775.5,0.65,12.25,17.5,96.5,12.3,25,62.5,7.2,7.95,800,10.6,9.8,226365,0.0197471763085399,335821.5,0.0292957231404959,52.67,0.536955856866143,"LL-F2","LL-F2-1","LL-F2-1-3"
"54","LL","F2","3","1","fn",87.5,38.9,11,127,96,106,90,99,844.5,0.8,20.3,21.5,102.5,13.1,29.5,66.5,7.1,7.95,1000,17.7,11.6,295448,0.0257737006427915,403620,0.0352101928374656,55.41,0.56488938729738,"LL-F2","LL-F2-1","LL-F2-1-3"
"55","LL","F2","4","1","dr",115,49.8,14,143,140,136,112.5,95,771.5,0.9,13.6,21.5,94.5,11.6,56,57,7,7.95,900,30.1,22.8,274663,0.0239605004591368,171523.5,0.014963023415978,49.68,0.506473646651035,"LL-F2","LL-F2-1","LL-F2-1-4"
"56","LL","F2","4","1","fn",99,53.6,11,125,114,119.5,97,84,778,0.7,10.9,26.5,89.5,12.5,39.5,63,7.1,7.95,700,17.9,17.9,407587,0.0355562580348944,285074.5,0.0248687580348944,62.99,0.642165358344378,"LL-F2","LL-F2-1","LL-F2-1-4"
"57","LL","F2","5","1","dr",79.1,54.1,13,108,93,105,46,60,652.5,0.6,11.05,18,88,11.5,13.5,61,7,7.95,1000,4.26,9.22,384109,0.0335081313131313,636174.5,0.0554973163452709,81.68,0.832704658986645,"LL-F2","LL-F2-1","LL-F2-1-5"
"58","LL","F2","5","1","fn",116,58.3,17,210,140,153,112,97,1015,0.85,21.4,22.5,121,14.5,72.5,71.5,6.8,7.95,1000,21.6,16.7,527300.5,0.0459995844811754,780115.5,0.068054152892562,82.84,0.844530533183811,"LL-F2","LL-F2-1","LL-F2-1-5"
"59","LL","F2","6","1","dr",147,94.5,26,273,176,212.5,103.5,79.5,1002,0.65,9.6,19,102.5,10.8,189,63,6.6,7.95,800,27.5,31.5,320618.5,0.0279694742883379,445143.5,0.0388325367309458,64.6,0.658578856152513,"LL-F2","LL-F2-1","LL-F2-1-6"
"60","LL","F2","6","1","fn",176,103,33,257,207,229,119.5,84,917,0.65,13.7,19.5,152,11.25,114.5,68,6.5,7.95,900,20.2,36.8,569350,0.0496678145087236,642150,0.0560185950413223,75.77,0.772453868895912,"LL-F2","LL-F2-1","LL-F2-1-6"
"61","LL","F2","1","2","dr",42,21.8,9,85,62,73,67,67.5,598.5,0.35,9.9,25.5,75,10.2,42,64,6.8,7.95,600,15.3,8.13,297228.5,0.0259290243342516,404937,0.0353250826446281,71.72,0.731165256397186,"LL-F2","LL-F2-2","LL-F2-2-1"
"62","LL","F2","1","2","sn",39,17.1,6,110,52,71,73.5,58,569.5,0.35,7.8,16,80.5,10.45,48,66,6.5,7.95,700,21.2,29.9,409772,0.0357468686868687,522166,0.0455516712580349,60.28,0.614537669487206,"LL-F2","LL-F2-2","LL-F2-2-1"
"63","LL","F2","2","2","dr",55.3,19.3,8,92.5,62,92,41.5,62.5,654,0.4,8.5,15,97,10.35,27.5,66.5,6.9,7.95,700,13.7,46.2,407072,0.035511331496786,467337.5,0.0407686524334252,66.45,0.677439086553165,"LL-F2","LL-F2-2","LL-F2-2-2"
"64","LL","F2","2","2","sn",111,52.7,23,154,115,133,124.5,90,734.5,0.6,14.3,18,89.5,10.45,89,66,6.4,7.95,800,26.7,48.7,409670.5,0.0357380142332415,514067.5,0.0448451905417815,67.92,0.692425323682333,"LL-F2","LL-F2-2","LL-F2-2-2"
"65","LL","F2","3","2","dr",50.9,27.3,9.5,97,66,85,53.5,67.5,598,0.45,14.2,17,90.5,10.1,29.5,62,7,7.95,1200,13.3,24.8,414980.5,0.0362012373737374,508777.5,0.0443837121212121,84.85,0.865021918646141,"LL-F2","LL-F2-2","LL-F2-2-3"
"66","LL","F2","3","2","sn",92.6,48.8,21.5,215,112,159,139,116,674.5,1.05,14.85,28.5,109.5,9.55,119,63,6.1,7.95,800,41.8,19.4,530619,0.0462890771349862,562250,0.0490484389348026,85.81,0.87480884901621,"LL-F2","LL-F2-2","LL-F2-2-3"
"67","LL","F2","4","2","dr",57.8,27.6,11.5,107,77,100.5,83,77,644,0.45,9.45,18.5,85.5,10.4,48.5,71,6.8,7.95,800,22.9,9.84,342805,0.0299049357208448,442036.5,0.0385614944903581,71.5,0.728922418187379,"LL-F2","LL-F2-2","LL-F2-2-4"
"68","LL","F2","4","2","sn",113,58.4,26,166,120,157.5,263,131,722,1.05,12.35,33.5,88.5,10.75,176.5,66.5,6,7.95,900,49.9,36.5,592712,0.0517058218549128,583964,0.050942681359045,61.85,0.630543378529921,"LL-F2","LL-F2-2","LL-F2-2-4"
"69","LL","F2","5","2","dr",79.8,38.2,12,120,82,110.5,48.5,56.5,615.5,0.45,8.1,15,74.5,9.15,29.5,58.5,6.7,7.95,700,14.9,17.5,298194,0.0260132506887052,408657,0.0356496005509642,67.15,0.684575389948007,"LL-F2","LL-F2-2","LL-F2-2-5"
"70","LL","F2","5","2","sn",181,92.5,36,259,175,189,152,96,936,0.75,15.75,20.5,95,10.25,174,64,6.1,8,900,24.3,30.5,416953.5,0.0363733539944904,523479.5,0.0456662557392103,74.52,0.759710469976552,"LL-F2","LL-F2-2","LL-F2-2-5"
"71","LL","F2","6","2","dr",116,50.1,19,190,128,182,52.5,64,854,0.45,9.35,16.5,112.5,11,67,73,6.7,7.95,800,10.2,32.6,353690.5,0.0308545431588613,451683.5,0.0394030601469238,63.94,0.651850341523091,"LL-F2","LL-F2-2","LL-F2-2-6"
"72","LL","F2","6","2","sn",113,69.3,27,295,147,183,76,70.5,856.5,0.5,11.75,18,93.5,10.7,99,65,6.4,7.95,900,13.6,52,367336,0.0320449219467401,511570,0.044627318640955,58.47,0.596085227851973,"LL-F2","LL-F2-2","LL-F2-2-6"
"73","LL","F2","1","3","dr",30,11.4,3.5,61.1,39.5,46,85.5,73.5,523.5,0.4,8.8,23.5,91.5,11.15,52.5,68,6.5,7.95,1100,28.8,0.66,408532,0.0356386960514233,497595,0.0434081955922865,78.88,0.804159445407279,"LL-F2","LL-F2-3","LL-F2-3-1"
"74","LL","F2","1","3","fn",25.9,11.1,4,52.9,36.5,50,56.5,70.5,540,0.35,8.65,27,94.5,13.75,42,72.5,6.8,7.95,800,22.5,0.671,544933.5,0.0475378168044077,631850.5,0.0551201078971534,94.65,0.964930166173922,"LL-F2","LL-F2-3","LL-F2-3-1"
"75","LL","F2","2","3","dr",62.4,36.6,14.5,110,70,106.5,115.5,90.5,612,0.6,10.35,26,109.5,11.8,89,77,6.2,7.95,800,37.8,2.36,301083.5,0.0262653191000918,404701.5,0.0353045385674931,57.27,0.583851564889387,"LL-F2","LL-F2-3","LL-F2-3-2"
"76","LL","F2","2","3","fn",61.5,35.7,10.5,110,77,99.5,47.5,68.5,746,0.5,15.15,22,94,11.6,31,67,7,7.95,900,11.6,0.931,479811.5,0.041856834251607,578112.5,0.0504322199265381,71.24,0.726271791212152,"LL-F2","LL-F2-3","LL-F2-3-2"
"77","LL","F2","3","3","dr",94.3,49.6,18.5,148,96,114,174.5,125.5,600,1.25,23.95,22,108.5,10.9,134.5,73.5,6.1,7.95,900,49.5,13.2,404483,0.0352854775022957,492861,0.0429952203856749,62.54,0.637577734733408,"LL-F2","LL-F2-3","LL-F2-3-3"
"78","LL","F2","3","3","fn",67.2,30.1,10,126,81,94,47.5,71.5,554,0.45,12.1,19.5,110,11.75,34.5,72,6.7,7.95,800,16.8,1.03,453771.5,0.0395852089072544,539246.5,0.0470417056932966,71.5,0.728922418187379,"LL-F2","LL-F2-3","LL-F2-3-3"
"79","LL","F2","4","3","dr",69.8,39.5,13,105,82,94,83.5,69.5,547.5,0.45,10.7,20,78,9.65,56,66.5,6.6,7.95,700,21.6,11,476354.5,0.0415552594123049,329783,0.0287689485766758,64.24,0.654908757263737,"LL-F2","LL-F2-3","LL-F2-3-4"
"80","LL","F2","4","3","fn",49.9,18.6,8,87,56,77.3,72,65,608,0.45,8.5,19.5,84,10.4,37.5,66.5,6.7,7.95,1200,17.1,18.5,654944,0.0571346923783287,459597,0.0400934022038567,74.3,0.757467631766745,"LL-F2","LL-F2-3","LL-F2-3-4"
"81","LL","F2","5","3","dr",150,112,47.5,236,164,188,163.5,107,699,0.95,9.75,18.5,97,9.35,155,69,5.8,8,900,35.8,28.3,407233,0.0355253764921947,528613,0.0461140817263545,77.81,0.793251095932307,"LL-F2","LL-F2-3","LL-F2-3-5"
"82","LL","F2","5","3","fn",166,117,49.5,260,212,247.5,181,96.5,706.5,1,12.2,19.5,96.5,9.9,198,79.5,5.9,7.95,900,20.9,14.8,562719,0.0490893526170799,692794,0.0604365748393021,98.09,1,"LL-F2","LL-F2-3","LL-F2-3-5"
"83","LL","F2","6","3","dr",103,51.6,23,183,118,174,65.5,63,748.5,0.4,10.2,17.5,92,11.6,99,76,6.4,7.95,600,11.3,17.5,350411.5,0.0305684963269054,385963.5,0.0336699104683196,61.82,0.630237536955857,"LL-F2","LL-F2-3","LL-F2-3-6"
"84","LL","F2","6","3","fn",122,77,30,184,159,163,83,70,656,0.4,14.1,19.5,90.5,10.8,65,74,6.2,8,1500,22.3,25.7,552766.5,0.0482211363636364,516326.5,0.0450422566574839,75.3,0.767662350902233,"LL-F2","LL-F2-3","LL-F2-3-6"
"85","LL","F2","1","4","dr",37.9,17.9,5,75,51,67,63,92,632.5,0.45,10.05,36,82.5,12.2,56.5,64,7.1,7.95,700,17.3,0.335,341673,0.0298061845730028,473386.5,0.0412963429752066,72.67,0.7408502395759,"LL-F2","LL-F2-4","LL-F2-4-1"
"86","LL","F2","1","4","sn",35.1,13.6,3.5,72,43,57,116,89,622,0.45,9.45,31.5,80,12.25,93.5,61,6.6,7.95,900,25.8,0.389,387084,0.0337676584022039,581456,0.0507238934802571,74.19,0.756346212661841,"LL-F2","LL-F2-4","LL-F2-4-1"
"87","LL","F2","2","4","dr",105,62.3,19.5,134,131,166,68,83,667,0.6,25.6,35.5,91,11.45,70,63.5,6.6,7.95,800,16.2,0.965,458157.5,0.0399678259871442,422644,0.0368697704315886,76.46,0.779488225099398,"LL-F2","LL-F2-4","LL-F2-4-2"
"88","LL","F2","2","4","sn",62.5,38,10.5,118,75,102,42,75.5,619,0.45,14,22.5,88.5,11,36.5,62,6.9,7.95,800,13.2,0.689,596998.5,0.052079758953168,462416.5,0.0403393640955005,61.21,0.624018758283209,"LL-F2","LL-F2-4","LL-F2-4-2"
"89","LL","F2","3","4","dr",67.9,28.9,9,99.8,81,93.5,48.5,77,654,0.55,9.95,17.5,92.5,10.95,53,58,6.8,7.95,900,17.1,0.513,293498,0.0256035904499541,459290,0.0400666207529844,94.97,0.968192476297278,"LL-F2","LL-F2-4","LL-F2-4-3"
"90","LL","F2","3","4","sn",43.4,20.5,5.5,85,70,73.5,32,64.5,618.5,0.5,17.7,20.5,82,12.35,14,59,7.2,7.95,800,2.78,0.35,466896.5,0.040730181359045,611313,0.0533284986225895,87.01,0.887042511978795,"LL-F2","LL-F2-4","LL-F2-4-3"
"91","LL","F2","4","4","dr",35.1,16.5,5,70,49,63.5,43,66.5,657,0.5,7.65,16.5,74,11.25,31.5,56.5,7.2,7.95,700,15.4,0.356,446043.5,0.03891104912764,603632.5,0.0526584825528007,81.98,0.835763074727291,"LL-F2","LL-F2-4","LL-F2-4-4"
"92","LL","F2","4","4","sn",44.2,26.1,8,74,64,70,214,98.5,665,0.65,9.45,18,75.5,12.15,125,59.5,6.6,7.95,1100,23.2,1.19,484499,0.0422657529843893,619640.5,0.0540549563820018,74.01,0.754511163217453,"LL-F2","LL-F2-4","LL-F2-4-4"
"93","LL","F2","5","4","dr",54.2,24.1,7.5,197,80,78,38.5,64.5,659,0.55,9.05,17,76.5,11.4,38,61.5,7.1,7.95,700,10.3,0.236,408640.5,0.0356481611570248,466515,0.0406969008264463,87.05,0.887450300744214,"LL-F2","LL-F2-4","LL-F2-4-5"
"94","LL","F2","5","4","sn",203,116,50,245,184,217,231,105,728,1.2,15.15,25,109,10.55,203,67.5,6.1,7.95,700,26.4,17.7,413355.5,0.0360594788797061,500615.5,0.0436716919191919,66.47,0.677642980935875,"LL-F2","LL-F2-4","LL-F2-4-5"
"95","LL","F2","6","4","dr",102,62.4,20,155,124,137,53,61.5,646.5,0.4,16.15,29.5,81,10.85,47.5,63,6.6,7.95,1200,14.4,0.585,327371,0.0285585353535353,454507.5,0.039649414600551,62.05,0.632582322357019,"LL-F2","LL-F2-4","LL-F2-4-6"
"96","LL","F2","6","4","sn",191,128,45.5,295,216,288,107.5,68.5,926,0.6,26,29,121.5,10.95,228,66,6,7.95,900,22.4,4.99,454054,0.0396098530762167,506008,0.0441421120293848,73.42,0.748496278927516,"LL-F2","LL-F2-4","LL-F2-4-6"
"97","PI","W2","1","1","dr",101,25.6,8,196,149,169,128,111,1168.5,0.45,14.9,38,185.5,21.3,170.5,95,6.9,7.95,1000,42.2,4.14,620633,0.0683893112947658,244447,0.0269363085399449,82.58,0.843858573472307,"PI-W2","PI-W2-1","PI-W2-1-1"
"98","PI","W2","1","1","fn",107,23.1,9,181,164,170,108.5,99.5,1078.5,0.5,15.3,37,191,21.25,123,97,6.9,7.95,800,13.7,6.16,682510,0.0752077134986226,277689,0.0305993388429752,72.44,0.740241160842019,"PI-W2","PI-W2-1","PI-W2-1-1"
"99","PI","W2","2","1","dr",115,30.8,11.5,263,148,189,154,130.5,999.5,0.45,15.4,43,188,20.6,175.5,97,6.5,7.95,1200,48.7,6.63,581431,0.0640695316804408,260110,0.028662258953168,76.37,0.780400572246066,"PI-W2","PI-W2-1","PI-W2-1-2"
"100","PI","W2","2","1","fn",127,36.2,11.5,233,175,219,193,163,905.5,0.5,15.25,48.5,202,21.5,257.5,101.5,6.6,7.95,600,13.1,11.5,610431,0.0672651239669421,309179.5,0.0340693663911846,79.49,0.812282853055385,"PI-W2","PI-W2-1","PI-W2-1-2"
"101","PI","W2","3","1","dr",121,41.5,13.5,224,178,220,187.5,142.5,1038,0.45,15.5,34,196.5,21.75,208.5,101,6.4,7.95,1000,45.6,9.82,609931,0.0672100275482094,260894.5,0.0287487052341598,73.16,0.747598610259554,"PI-W2","PI-W2-1","PI-W2-1-3"
"102","PI","W2","3","1","fn",120,35.3,11,229,160,198,84,84,1152,0.5,16.15,39.5,198.5,22.7,97,100.5,6.9,7.95,1000,14.3,6.92,636568.5,0.0701452892561983,302691.5,0.033354435261708,76.28,0.779480891068874,"PI-W2","PI-W2-1","PI-W2-1-3"
"103","PI","W2","4","1","dr",107,32.1,11,221,157,180,138.5,112.5,985.5,0.4,13.75,45,173,19.75,156,96,6.7,7.95,700,32.6,5.49,424998.5,0.0468317906336088,232392.5,0.0256079889807162,73.25,0.748518291436746,"PI-W2","PI-W2-1","PI-W2-1-4"
"104","PI","W2","4","1","fn",111,28.6,10.5,217,156,172,153,106.5,889.5,0.4,12.7,27.5,174.5,17.9,162,89.5,6.8,7.95,900,15.6,7.04,512544.5,0.0564787327823691,285722.5,0.0314845730027548,75.31,0.769568771714695,"PI-W2","PI-W2-1","PI-W2-1-4"
"105","PI","W2","5","1","dr",197,61.8,22.5,270,228,251,283.5,211,1233,0.5,14.25,69,185.5,19.45,355.5,91.5,6.4,7.95,1000,77.3,28.2,617772,0.0680740495867768,279678,0.0308185123966942,83.81,0.856427549560597,"PI-W2","PI-W2-1","PI-W2-1-5"
"106","PI","W2","6","1","dr",167,52.3,21,240,196,218,187,142,1259.5,0.5,14.25,32,184.5,19.6,229,87.5,6.4,7.9,900,61.3,15.5,640827.5,0.0706146005509642,247765,0.0273019283746556,72.6,0.741876149601471,"PI-W2","PI-W2-1","PI-W2-1-6"
"107","PI","W2","6","1","fn",150,33.6,14,247,172,194,146,105,1463.5,0.5,14.7,30,190,20.25,152.5,94,6.8,7.95,900,21.8,8.63,693195.5,0.0763851790633609,237958,0.0262212672176309,80.24,0.819946862865318,"PI-W2","PI-W2-1","PI-W2-1-6"
"108","PI","W2","1","2","dr",111,26,6.5,216,151,178,110.5,88.5,1542,0.65,17.15,38,207.5,23.35,102.5,101.5,7.1,7.95,1600,16.2,4.59,631537.5,0.0695909090909091,278276,0.0306640220385675,73.91,0.755262620069487,"PI-W2","PI-W2-2","PI-W2-2-1"
"109","PI","W2","1","2","sn",122,28.2,6.5,195,152,170,65,58.5,1257,0.5,14.6,30,184.5,20.25,54.5,92,7.1,7.95,900,6.29,5.37,601021.5,0.0662282644628099,323356.5,0.0356315702479339,81.12,0.828939301042305,"PI-W2","PI-W2-2","PI-W2-2-1"
"110","PI","W2","2","2","dr",124,33.4,9.5,227,164,187,91.5,97,1172.5,0.45,14.5,38,195.5,22.4,144.5,96.5,6.7,7.95,800,28.9,4.1,572371,0.0630711845730028,259131.5,0.028554435261708,77.34,0.790312691600245,"PI-W2","PI-W2-2","PI-W2-2-2"
"111","PI","W2","2","2","sn",127,38.3,11.5,217,156,205,108,99,1011,0.55,15.6,34.5,219,22.55,142,94.5,6.8,7.95,1100,11.9,9.53,649991,0.0716243526170799,346450.5,0.0381763636363636,80.93,0.826997751890456,"PI-W2","PI-W2-2","PI-W2-2-2"
"112","PI","W2","3","2","dr",154,52,16.5,276,186,216,178.5,149,1257,0.5,15,48,183,20.15,233,92.5,6.5,7.95,1000,51.9,17.3,639798,0.0705011570247934,280324,0.030889696969697,78.31,0.800224810954425,"PI-W2","PI-W2-2","PI-W2-2-3"
"113","PI","W2","3","2","sn",141,41.7,15,230,190,212,75.5,77,1147.5,0.5,15.85,35.5,207,22.75,118.5,99,6.8,7.95,1000,8.91,9.93,665951,0.0733830303030303,315572.5,0.0347738292011019,92.61,0.946351931330472,"PI-W2","PI-W2-2","PI-W2-2-3"
"114","PI","W2","4","2","dr",110,27.4,8,186,146,163,47,63.5,1065,0.45,14.6,29.5,180,20.8,61,89,7,7.95,1100,20.4,4.44,629219,0.0693354269972452,281313.5,0.0309987327823691,81.25,0.83026772940936,"PI-W2","PI-W2-2","PI-W2-2-4"
"115","PI","W2","4","2","sn",116,29.9,9.5,232,166,184,52,63.5,1192,0.5,16.1,37.5,197.5,22.8,62,93,7,7.95,900,6.39,6.95,715517,0.0788448484848485,346179,0.0381464462809917,82.38,0.841814837522992,"PI-W2","PI-W2-2","PI-W2-2-4"
"116","PI","W2","5","2","dr",117,34,8.5,203,168,182,258.5,173.5,1283,0.5,14.9,46,184.5,20.2,286,89.5,6.5,7.95,1000,43.3,12,645730.5,0.0711548760330578,257670,0.0283933884297521,73.37,0.749744533006336,"PI-W2","PI-W2-2","PI-W2-2-5"
"117","PI","W2","5","2","sn",134,41.1,11.5,228,173,207,261.5,201,1193,0.55,14.6,42.5,186.5,19.65,326.5,94.5,6.4,7.9,1000,28.7,17.9,684156.5,0.0753891460055096,364054.5,0.0401161983471074,78.29,0.800020437359493,"PI-W2","PI-W2-2","PI-W2-2-5"
"118","PI","W2","6","2","dr",169,61.1,22,416,220,228,143,110.5,979,0.5,14.9,46.5,190.5,20.8,152,90.5,6.5,7.95,1100,25.2,8.03,614075.5,0.0676667217630854,253532,0.0279374104683196,77.48,0.791743306764766,"PI-W2","PI-W2-2","PI-W2-2-6"
"119","PI","W2","6","2","sn",142,38.7,15,260,180,226,132,128.5,1030.5,0.6,16.2,44.5,210,22.9,177,97.5,6.5,7.9,800,21.9,20.7,651372.5,0.0717765840220386,351589.5,0.0387426446280992,80.01,0.817596566523605,"PI-W2","PI-W2-2","PI-W2-2-6"
"120","PI","W2","1","3","dr",75.3,24.9,6,200,126,92,53,69,3070.5,0.4,8.9,25,131.5,14.1,56.5,41.5,7.5,7.95,800,14.8,18.8,614478.5,0.067711129476584,267052.5,0.0294272727272727,82.13,0.839260167586348,"PI-W2","PI-W2-3","PI-W2-3-1"
"121","PI","W2","1","3","fn",87.8,33.9,6,191,133,106,61,81.5,3197.5,0.5,10.45,24.5,147.5,16.2,61,32.5,7.5,7.95,900,3.99,20.9,724108.5,0.0797915702479339,326505,0.0359785123966942,79.49,0.812282853055385,"PI-W2","PI-W2-3","PI-W2-3-1"
"122","PI","W2","2","3","dr",49.8,26.5,6,147,103,83,65,84,4204,0.6,8.25,22,127,13.95,49,27.5,7.7,7.95,1100,15.1,28.7,638033,0.0703066666666667,273719.5,0.0301619283746556,77.34,0.790312691600245,"PI-W2","PI-W2-3","PI-W2-3-2"
"123","PI","W2","2","3","fn",34,32.4,6,177,75,72,53,87,4736,0.45,6.65,21.5,120,11.1,42.5,16.5,7.6,7.95,1200,4.3,23,698623,0.0769832506887052,317033,0.0349347658402204,78.06,0.797670141017781,"PI-W2","PI-W2-3","PI-W2-3-2"
"124","PI","W2","3","3","dr",98.9,44.2,8,232,152,136,89.5,105,2924,0.5,10.2,27,146,14.4,106,39,7.2,7.9,1300,28.3,53.7,631776,0.0696171900826446,262704.5,0.0289481542699725,82.76,0.845697935826691,"PI-W2","PI-W2-3","PI-W2-3-3"
"125","PI","W2","3","3","fn",134,50.7,11,216,202,170,82.5,82.5,2533.5,0.45,12.25,30.5,173,16.85,110.5,52,7,7.95,1300,8.88,78,660916.5,0.0728282644628099,307151.5,0.0338458953168044,85.7,0.875740854281627,"PI-W2","PI-W2-3","PI-W2-3-3"
"126","PI","W2","4","3","dr",90.9,28.8,6,149,115,118,46.5,54,1255,0.4,8.9,22.5,145,13.45,49,77,7.3,7.95,1100,14.9,1.65,347942.5,0.0383407713498623,295440.5,0.0325554269972452,72.46,0.740445534436951,"PI-W2","PI-W2-3","PI-W2-3-4"
"127","PI","W2","4","3","fn",92.6,29.5,7,170,126,132,46,54.5,1548.5,0.55,11.15,25,160,15.1,38,81.5,7.3,7.95,500,3.5,4.55,352484,0.0388412121212121,314865.5,0.0346959228650138,82.76,0.845697935826691,"PI-W2","PI-W2-3","PI-W2-3-4"
"128","PI","W2","5","3","dr",75.3,32.1,5,167,118,114,72,74,2336.5,0.45,9.65,26,153.5,14.4,71.5,48,7.5,7.95,1600,14.2,12.5,602554.5,0.0663971900826446,268810,0.0296209366391184,79.37,0.811056611485796,"PI-W2","PI-W2-3","PI-W2-3-5"
"129","PI","W2","5","3","fn",86.7,35.6,8,201,142,116,60.5,73,2407,0.5,9.35,25.5,147,13.3,80.5,51,7.3,7.95,1500,4.67,58.6,715753.5,0.0788709090909091,309460,0.0341002754820937,74.38,0.760065399550378,"PI-W2","PI-W2-3","PI-W2-3-5"
"130","PI","W2","6","3","dr",106,40.8,7.5,222,160,139,64.5,69.5,2153,0.45,10.15,25,152,14.8,65,59.5,7.2,7.95,700,25,20.9,621480.5,0.0684826997245179,270308.5,0.0297860606060606,83.2,0.850194154915185,"PI-W2","PI-W2-3","PI-W2-3-6"
"131","PI","W2","6","3","fn",103,42.7,9,194,176,154,53,74.5,2049,0.5,11,30,168.5,16.2,55.5,68,7.3,7.95,1000,1.43,32.2,725178.5,0.079909476584022,339464.5,0.0374065564738292,80.5,0.822603719599428,"PI-W2","PI-W2-3","PI-W2-3-6"
"132","PI","W2","1","4","dr",90.5,36.6,5.5,207,159,116,129.5,102,2726.5,0.5,11.15,23,139.5,17.9,123,55,7.3,7.95,1300,56.2,23.1,558445.5,0.061536694214876,286103,0.0315265013774105,77.09,0.787758021663601,"PI-W2","PI-W2-4","PI-W2-4-1"
"133","PI","W2","1","4","sn",99.2,29.4,7.5,219,154,120,102.5,91,2424.5,0.55,11.15,35.5,143,17.5,117,46,7.2,7.95,1000,15.1,26.5,665086.5,0.0732877685950413,349248,0.0384846280991736,84.25,0.860923768649091,"PI-W2","PI-W2-4","PI-W2-4-1"
"134","PI","W2","2","4","dr",97.7,27.1,5,188,156,127,101,94,2646.5,0.5,11.6,23.5,148,18.4,109.5,51,7.3,7.95,1100,1.55,29,300530.5,0.0331163085399449,223460.5,0.0246237465564738,78.76,0.804823216840384,"PI-W2","PI-W2-4","PI-W2-4-2"
"135","PI","W2","2","4","sn",101,32,7.5,227,175,124,72.5,68,2274,0.5,11.35,23,139.5,16.8,61,62,7.3,7.95,1500,12.6,19.5,339358.5,0.0373948760330578,310096.5,0.0341704132231405,84.01,0.858471285509912,"PI-W2","PI-W2-4","PI-W2-4-2"
"136","PI","W2","3","4","dr",103,38.6,8,215,175,142,98.5,82,2625.5,0.4,10.65,26.5,140,16.75,103,40,7.2,7.95,1000,38.8,19.1,608650,0.067068870523416,234938.5,0.0258885399449036,75.04,0.766809728183119,"PI-W2","PI-W2-4","PI-W2-4-3"
"137","PI","W2","3","4","sn",116,52.2,12,257,186,158,140,112.5,2508.5,0.55,11.7,30,149,17.95,146.5,47,6.9,7.95,900,24.7,25.3,679036.5,0.0748249586776859,304735.5,0.0335796694214876,79.77,0.815144083384427,"PI-W2","PI-W2-4","PI-W2-4-3"
"138","PI","W2","4","4","dr",96.3,38.5,7.5,205,154,118,73.5,76,2830,0.45,10.55,23,130,16.8,65.5,42,7.4,7.95,900,27.4,23.1,648676.5,0.0714795041322314,261316.5,0.0287952066115702,77.63,0.793276108726752,"PI-W2","PI-W2-4","PI-W2-4-4"
"139","PI","W2","4","4","sn",123,42.6,10.5,243,178,158,202,155,2936,0.5,11.75,47,152,17.7,257,41.5,6.9,7.95,800,29.8,41.3,707207,0.0779291460055096,307393.5,0.0338725619834711,82.92,0.847332924586144,"PI-W2","PI-W2-4","PI-W2-4-4"
"140","PI","W2","5","4","dr",105,39.4,6,239,188,122,148,122,3190,0.5,11.25,34.5,137.5,17.9,188.5,36.5,7.2,7.95,1000,68.2,37.8,620973,0.0684267768595041,265179.5,0.0292208815426997,85.88,0.877580216636011,"PI-W2","PI-W2-4","PI-W2-4-5"
"141","PI","W2","5","4","sn",123,34.3,8,239,178,135,120.5,102,2984.5,0.55,11.95,29,150,18.8,135,43,7.2,7.95,1100,18.7,45.9,651120.5,0.0717488154269972,329704.5,0.0363310743801653,83.64,0.854690374003679,"PI-W2","PI-W2-4","PI-W2-4-5"
"142","PI","W2","6","4","dr",99.1,32.5,7.5,219,160,129,92,86,2453.5,0.5,11.2,31,141.5,17.55,96,56.5,7.2,7.95,800,57.5,20.6,562447.5,0.0619776859504132,255325,0.0281349862258953,75.76,0.774167177600654,"PI-W2","PI-W2-4","PI-W2-4-6"
"143","PI","W2","6","4","sn",113,28.4,7,203,168,142,207.5,165.5,2553,0.5,11.55,29,151,18.05,236.5,54.5,6.8,7.95,1400,61.1,34.9,609225,0.0671322314049587,290685.5,0.0320314600550964,75.74,0.773962804005722,"PI-W2","PI-W2-4","PI-W2-4-6"
